{
  "Dockerfile": "212c5e7a95fbf3fa3094be01f92f6e84",
  "Gemfile": "6091853b663cd471db389c986b52682d",
  "Gemfile.lock": "5a1b0df4ae7bbd19f7a17055015f4004",
  "LICENSE": "c09f1ff12ffc19bb5aa3ca918d6496c7",
  "Puppetfile": "3e0e8b7a7a4cbc0d7d9dc17318042ba1",
  "Puppetfile.lock": "706fa05484afd0407dd80d9fcbf17f8b",
  "README.markdown": "cc6153a4e89f2f8ceddecd2ccb9bfb85",
  "Rakefile": "c87c1fd9eea4933b275dbdfa9cf1ade0",
  "lib/facter/rvm_installed.rb": "17880333546300f31ee0b924dc0e7135",
  "lib/facter/rvm_version.rb": "83ce2d25f399adbcbc04c9f441066c8b",
  "lib/puppet/provider/rvm_alias/alias.rb": "7f422f68856ffa399a7d564fc7cdc62e",
  "lib/puppet/provider/rvm_gem/gem.rb": "270580ab370c1b8268e354b86185ed18",
  "lib/puppet/provider/rvm_gemset/gemset.rb": "a7636d1c484444c64c1aad1be2c2d30a",
  "lib/puppet/provider/rvm_system_ruby/rvm_system_ruby.rb": "a00210df670b29779c3a37b862cfa34b",
  "lib/puppet/provider/rvm_wrapper/wrapper.rb": "238ba3f4d28a019952a99bbdde35f675",
  "lib/puppet/type/rvm_alias.rb": "33c703a7c346235f0dba87de1a43a859",
  "lib/puppet/type/rvm_gem.rb": "d61f03748c4344ea3955c029a2b5bd90",
  "lib/puppet/type/rvm_gemset.rb": "9f7d37bc51c2b75a288ea4edca5f57a8",
  "lib/puppet/type/rvm_system_ruby.rb": "bc04967cdf93e46492e1ce7507b1e8a5",
  "lib/puppet/type/rvm_wrapper.rb": "4e85d8d1c7bae4a7549e7f0edbcbc4df",
  "manifests/dependencies/centos.pp": "d0b6fb9803c92a1ed02a3ba30e94be7a",
  "manifests/dependencies/oraclelinux.pp": "3f60f61da00a2e41109058fe70ed7536",
  "manifests/dependencies/ubuntu.pp": "c18938a26d927f3c4f3a64bddd3b1948",
  "manifests/dependencies.pp": "421d1b11cb1395ee0d2f3763e75d8c72",
  "manifests/gpg.pp": "f08fe68d273591aa86de372a6dc2af25",
  "manifests/group.pp": "ac396e22475220c972a6777ea03f26b8",
  "manifests/init.pp": "6b06083a0c5abd39d03df6e242a6afb9",
  "manifests/params.pp": "b71cd37117e6ac9150c067bfa649eee9",
  "manifests/passenger/apache.pp": "9051c6413fa51e8023adb3e190c75f89",
  "manifests/passenger/dependencies/centos.pp": "9f3179196388289f0aff232dab6468fb",
  "manifests/passenger/dependencies/oraclelinux.pp": "388ca20676c972d2a85790374adae45f",
  "manifests/passenger/dependencies/ubuntu.pp": "1a61e3cb072c82f68d8ff604f1e59e47",
  "manifests/passenger/dependencies.pp": "e819338156ed5965ebdbc76f6b698a75",
  "manifests/passenger/gem.pp": "80587f1bc2beab8b91f3b54932e60e7c",
  "manifests/rvmrc.pp": "ad57fbdd2a7e471e89393545fbd36b10",
  "manifests/system.pp": "517eae960644e3dd3e8970f58716ca66",
  "manifests/system_user.pp": "a820a7af8120f0595cf8f0bd22c79bc6",
  "metadata.json": "7ba81b6baf6288e625f2d9b46751984a",
  "spec/acceptance/nodesets/centos-64-x64.yml": "d65958bdf25fb31eb4838fd984b555df",
  "spec/acceptance/nodesets/centos-65-x64-docker.yml": "e1814bf97de6f03758bcec39d80d725b",
  "spec/acceptance/nodesets/centos-65-x64.yml": "d5644c01c7955069665ac1d08b36aa6a",
  "spec/acceptance/nodesets/debian-73-x64.yml": "df78f357e1bd0f7f9818d552eeb35026",
  "spec/acceptance/nodesets/default.yml": "e1814bf97de6f03758bcec39d80d725b",
  "spec/acceptance/nodesets/ubuntu-server-12042-x64.yml": "c4f1b8b8c0272ea63c78732c55f7d154",
  "spec/acceptance/nodesets/ubuntu-server-1310-x64.yml": "9deb39279e104d765179b471c6ebb3a2",
  "spec/acceptance/rvm_system_spec.rb": "b78e61f0ffa98ce0d5e3765b828d21e2",
  "spec/classes/dependencies_spec.rb": "d40ac9bd6ce9b4bf96d8fc2ce5740b6c",
  "spec/classes/gpg_spec.rb": "b3a9ee65622128221378914b0dc5f088",
  "spec/classes/init_spec.rb": "0c71abd2e8f5f4eab7b9248b462d24d4",
  "spec/classes/rvmrc_spec.rb": "8a89f89ca9b7b9ec1d5c9bc2868be646",
  "spec/classes/system_spec.rb": "02a1a0657d40c754e15a3bc11db8e21b",
  "spec/defines/rvm_alias_spec.rb": "83c263ca60fd32aec9fbccc8f3679e83",
  "spec/defines/rvm_gem_spec.rb": "c26c78f19676b8a03e96bd30625ab2fb",
  "spec/defines/rvm_gemset_spec.rb": "ae6518149a7100a1f35a80a919b1f55f",
  "spec/defines/rvm_system_ruby_spec.rb": "328be8c8810d2a9acf8b8f4799cefc33",
  "spec/defines/rvm_wrapper_spec.rb": "a37c75e48716ce92e2ad5381c821397f",
  "spec/defines/system_user_spec.rb": "7899c7147abbc4c3a9f7f0c5e3f0e81a",
  "spec/spec_helper.rb": "f02508cd8c5e584edb962e3579cdcd80",
  "spec/spec_helper_acceptance.rb": "3fb3bf87c0a0be4baecab8ec3c9fbb07",
  "templates/rvmrc.erb": "a3e3e312817a572a6f148891d27d7d86",
  "tests/common.yaml": "f0df94cc55cef2100e3a0fb9f917283f",
  "tests/init.pp": "7096c96ab9b56ee1dab6e2b5754e770a",
  "tests/site.pp": "7096c96ab9b56ee1dab6e2b5754e770a"
}